ID,Form_ID,Form,Cognateset_ID,Doubt,Cognate_Detection_Method,Source,Alignment,Alignment_Method,Alignment_Source
cojubim-1_i-1-1,cojubim-1_i-1,waza,1,false,expert,,,,
kitemoka-1_i-1-1,kitemoka-1_i-1,waja,1,false,expert,,,,
more-1_i-1-1,more-1_i-1,waʒ̟a,1,false,expert,,,,
orowin-1_i-1-1,orowin-1_i-1,wataʔ,1,false,expert,,,,
tapakura-1_i-1-1,tapakura-1_i-1,waja,1,false,expert,,,,
tora-1_i-1-1,tora-1_i-1,waza,1,false,expert,,,,
urupa-1_i-1-1,urupa-1_i-1,wata,1,false,expert,,,,
wanyam-1_i-1-1,wanyam-1_i-1,wataʔ,1,false,expert,,,,
wari-1_i-1-1,wari-1_i-1,wataʔ,1,false,expert,,,,
cojubim-2_yousg-1-1,cojubim-2_yousg-1,um,2,false,expert,,,,
kitemoka-2_yousg-1-1,kitemoka-2_yousg-1,ahum,2,false,expert,,,,
more-2_yousg-1-1,more-2_yousg-1,momra,2,false,expert,,,,
orowin-2_yousg-1-1,orowin-2_yousg-1,wym,2,false,expert,,,,
tapakura-2_yousg-1-1,tapakura-2_yousg-1,awimo,2,false,expert,,,,
tora-2_yousg-1-1,tora-2_yousg-1,webm,2,false,expert,,,,
urupa-2_yousg-1-1,urupa-2_yousg-1,vim,2,false,expert,,,,
wanyam-2_yousg-1-1,wanyam-2_yousg-1,im,2,false,expert,,,,
wari-2_yousg-1-1,wari-2_yousg-1,wum,2,false,expert,,,,
kitemoka-3_he-1-1,kitemoka-3_he-1,ariko,3,false,expert,,,,
more-3_he-1-1,more-3_he-1,korari,3,false,expert,,,,
orowin-3_he-1-1,orowin-3_he-1,woriko,3,false,expert,,,,
tapakura-3_he-1-1,tapakura-3_he-1,arikahu,3,false,expert,,,,
tora-3_he-1-1,tora-3_he-1,wariko,3,false,expert,,,,
urupa-3_he-1-1,urupa-3_he-1,okain,3,false,expert,,,,
wanyam-3_he-1-1,wanyam-3_he-1,arukwan,3,false,expert,,,,
wari-3_he-1-1,wari-3_he-1,wiriko,3,false,expert,,,,
kitemoka-4_we-1-1,kitemoka-4_we-1,watʃe,4,false,expert,,,,
more-4_we-1-1,more-4_we-1,watiʔ,4,false,expert,,,,
orowin-4_we-1-1,orowin-4_we-1,wariʔ,4,false,expert,,,,
tapakura-4_we-1-1,tapakura-4_we-1,wajahu,4,false,expert,,,,
tora-4_we-1-1,tora-4_we-1,wazati,4,false,expert,,,,
urupa-4_we-1-1,urupa-4_we-1,wari,4,false,expert,,,,
wanyam-4_we-1-1,wanyam-4_we-1,wari,4,false,expert,,,,
wari-4_we-1-1,wari-4_we-1,wariʔ,4,false,expert,,,,
more-5_youpl-1-1,more-5_youpl-1,wura,5,false,expert,,,,
orowin-5_youpl-1-1,orowin-5_youpl-1,fuʔ,5,false,expert,,,,
tora-5_youpl-1-1,tora-5_youpl-1,wihu,5,false,expert,,,,
wari-5_youpl-1-1,wari-5_youpl-1,wahuʔ,5,false,expert,,,,
orowin-6_they-1-1,orowin-6_they-1,worikoko,6,false,expert,,,,
tora-6_they-1-1,tora-6_they-1,wariko bap,6,false,expert,,,,
wari-6_they-1-1,wari-6_they-1,wirikoko,6,false,expert,,,,
more-6_they-1-1,more-6_they-1,omapu,7,false,expert,,,,
tapakura-6_they-1-1,tapakura-6_they-1,aʃiri,8,false,expert,,,,
more-7_whowhat-1-1,more-7_whowhat-1,ati,9,false,expert,,,,
orowin-7_whowhat-1-1,orowin-7_whowhat-1,ati,9,false,expert,,,,
more-7_whowhat-2-1,more-7_whowhat-2,tikow,10,false,expert,,,,
tora-7_whowhat-1-1,tora-7_whowhat-1,teokaj,10,false,expert,,,,
wari-7_whowhat-1-1,wari-7_whowhat-1,kaɲ,10,false,expert,,,,
orowin-8_many-1-1,orowin-8_many-1,mijaʔ,11,false,expert,,,,
tora-8_many-1-1,tora-8_many-1,jab,11,false,expert,,,,
wari-8_many-1-1,wari-8_many-1,mija,11,false,expert,,,,
cojubim-8_many-1-1,cojubim-8_many-1,napa,12,false,expert,,,,
more-8_many-1-1,more-8_many-1,napa,12,false,expert,,,,
orowin-8_many-2-1,orowin-8_many-2,napa,12,false,expert,,,,
urupa-8_many-1-1,urupa-8_many-1,katimisam,13,false,expert,,,,
tora-8_many-2-1,tora-8_many-2,asinëji,14,false,expert,,,,
kitemoka-8_many-1-1,kitemoka-8_many-1,patiako,15,false,expert,,,,
wari-9_few-1-1,wari-9_few-1,parik,16,false,expert,,,,
wanyam-9_few-1-1,wanyam-9_few-1,irakaw,17,false,expert,,,,
orowin-9_few-1-1,orowin-9_few-1,kawasan toman,18,false,expert,,,,
wari-9_few-2-1,wari-9_few-2,tokwan,18,false,expert,,,,
more-9_few-1-1,more-9_few-1,pun as,19,false,expert,,,,
tapakura-9_few-1-1,tapakura-9_few-1,matia,20,false,expert,,,,
cojubim-10_one-1-1,cojubim-10_one-1,tan,21,false,expert,,,,
more-10_one-1-1,more-10_one-1,tan,21,false,expert,,,,
orowin-10_one-1-1,orowin-10_one-1,kawasan,21,false,expert,,,,
tapakura-10_one-1-1,tapakura-10_one-1,tan kua,21,false,expert,,,,
tora-10_one-1-1,tora-10_one-1,kwatadn,21,false,expert,,,,
wanyam-10_one-1-1,wanyam-10_one-1,kawatʃyk,21,false,expert,,,,
urupa-10_one-1-1,urupa-10_one-1,munim,22,false,expert,,,,
kitemoka-10_one-1-1,kitemoka-10_one-1,mamai-omaitʃe,23,false,expert,,,,
cojubim-11_two-1-1,cojubim-11_two-1,wakoran,24,false,expert,,,,
more-11_two-1-1,more-11_two-1,pokoran,24,false,expert,,,,
tapakura-11_two-1-1,tapakura-11_two-1,wagaragatan,24,false,expert,,,,
tora-11_two-1-1,tora-11_two-1,kuradn,24,false,expert,,,,
wanyam-11_two-1-1,wanyam-11_two-1,karikan,24,false,expert,,,,
wari-11_two-1-1,wari-11_two-1,tyky karakan,24,false,expert,,,,
orowin-11_two-1-1,orowin-11_two-1,jiksam,25,false,expert,,,,
tapakura-11_two-2-1,tapakura-11_two-2,ajuken,26,false,expert,,,,
jaru-12_big-1-1,jaru-12_big-1,hora,27,false,expert,,,,
orowin-12_big-1-1,orowin-12_big-1,foraʔ,27,false,expert,,,,
wari-12_big-1-1,wari-12_big-1,hwaraʔ,27,false,expert,,,,
orowin-12_big-2-1,orowin-12_big-2,ekem,28,false,expert,,,,
tora-12_big-1-1,tora-12_big-1,ukadn,28,false,expert,,,,
urupa-12_big-1-1,urupa-12_big-1,evekem,28,false,expert,,,,
wari-12_big-2-1,wari-12_big-2,kote ne,29,false,expert,,,,
cojubim-12_big-1-1,cojubim-12_big-1,ina,30,false,expert,,,,
more-12_big-1-1,more-12_big-1,ina,30,false,expert,,,,
wanyam-12_big-1-1,wanyam-12_big-1,iparinaj,31,false,expert,,,,
tapakura-12_big-1-1,tapakura-12_big-1,kowikon,32,false,expert,,,,
kitemoka-12_big-1-1,kitemoka-12_big-1,karatsaiko,33,false,expert,,,,
orowin-13_small-1-1,orowin-13_small-1,wijaman,34,false,expert,,,,
urupa-13_small-1-1,urupa-13_small-1,iamaj,34,false,expert,,,,
wanyam-13_small-1-1,wanyam-13_small-1,wijikun,34,false,expert,,,,
wari-13_small-1-1,wari-13_small-1,wijima,34,false,expert,,,,
kitemoka-13_small-1-1,kitemoka-13_small-1,piʃitiko,35,false,expert,,,,
tapakura-13_small-1-1,tapakura-13_small-1,mitʃitikon,35,false,expert,,,,
cojubim-13_small-1-1,cojubim-13_small-1,e,36,false,expert,,,,
more-13_small-1-1,more-13_small-1,eje,36,false,expert,,,,
tora-13_small-1-1,tora-13_small-1,nyaetʃidn,37,false,expert,,,,
jaru-13_small-1-1,jaru-13_small-1,ip,38,false,expert,,,,
jaru-14_woman-1-1,jaru-14_woman-1,jamiriman,39,false,expert,,,,
orowin-14_woman-1-1,orowin-14_woman-1,jamirima,39,false,expert,,,,
urupa-14_woman-1-1,urupa-14_woman-1,jamra,39,false,expert,,,,
wanyam-14_woman-1-1,wanyam-14_woman-1,jamarimaʔ,39,false,expert,,,,
wari-14_woman-1-1,wari-14_woman-1,narimaʔ,39,false,expert,,,,
cojubim-14_woman-1-1,cojubim-14_woman-1,tanaman,40,false,expert,,,,
more-14_woman-1-1,more-14_woman-1,tanaman,40,false,expert,,,,
kitemoka-14_woman-1-1,kitemoka-14_woman-1,ɲamaki,41,false,expert,,,,
tapakura-14_woman-1-1,tapakura-14_woman-1,jamake,41,false,expert,,,,
tora-14_woman-1-1,tora-14_woman-1,nakamin,41,false,expert,,,,
jaru-15_man-1-1,jaru-15_man-1,kitraman,42,false,expert,,,,
orowin-15_man-1-1,orowin-15_man-1,kitrama,42,false,expert,,,,
urupa-15_man-1-1,urupa-15_man-1,kitrama,42,false,expert,,,,
wanyam-15_man-1-1,wanyam-15_man-1,kitaramaʔ,42,false,expert,,,,
wari-15_man-1-1,wari-15_man-1,taramaʔ,42,false,expert,,,,
cojubim-15_man-1-1,cojubim-15_man-1,namakon,43,false,expert,,,,
more-15_man-1-1,more-15_man-1,namakon,43,false,expert,,,,
tora-15_man-1-1,tora-15_man-1,nakon,43,false,expert,,,,
jaru-16_human-1-1,jaru-16_human-1,wanjan,44,false,expert,,,,
more-16_human-1-1,more-16_human-1,wanjam,44,false,expert,,,,
orowin-16_human-1-1,orowin-16_human-1,wajam,44,false,expert,,,,
wanyam-16_human-1-1,wanyam-16_human-1,wanjam,44,false,expert,,,,
wari-16_human-1-1,wari-16_human-1,wijam,44,false,expert,,,,
jaru-17_child-1-1,jaru-17_child-1,onjan,45,false,expert,,,,
more-17_child-1-1,more-17_child-1,joma,45,false,expert,,,,
orowin-17_child-1-1,orowin-17_child-1,ifijama,45,false,expert,,,,
urupa-17_child-1-1,urupa-17_child-1,uhunjam,45,false,expert,,,,
wanyam-17_child-1-1,wanyam-17_child-1,marahujama,45,false,expert,,,,
wari-17_child-1-1,wari-17_child-1,hwijimaʔ,45,false,expert,,,,
wari-17_child-2-1,wari-17_child-2,pijeʔ,46,false,expert,,,,
cojubim-17_child-1-1,cojubim-17_child-1,rato,47,false,expert,,,,
more-17_child-2-1,more-17_child-2,ratoʔ,47,false,expert,,,,
tora-17_child-1-1,tora-17_child-1,irato,47,false,expert,,,,
kitemoka-17_child-1-1,kitemoka-17_child-1,etiw,48,false,expert,,,,
tapakura-17_child-1-1,tapakura-17_child-1,witʃitikun,49,false,expert,,,,
cojubim-18_mother-1-1,cojubim-18_mother-1,inaʔ,50,false,expert,,,,
more-18_mother-1-1,more-18_mother-1,inaʔ,50,false,expert,,,,
orowin-18_mother-1-1,orowin-18_mother-1,ina,50,false,expert,,,,
tora-18_mother-1-1,tora-18_mother-1,inja,50,false,expert,,,,
wanyam-18_mother-1-1,wanyam-18_mother-1,inaʔ,50,false,expert,,,,
wari-18_mother-1-1,wari-18_mother-1,naʔ,50,false,expert,,,,
cojubim-18_mother-2-1,cojubim-18_mother-2,uweʔ,51,false,expert,,,,
jaru-18_mother-1-1,jaru-18_mother-1,uwe,51,false,expert,,,,
more-18_mother-2-1,more-18_mother-2,uweʔ,51,false,expert,,,,
orowin-18_mother-2-1,orowin-18_mother-2,ywe,51,false,expert,,,,
tora-18_mother-2-1,tora-18_mother-2,iwi,51,false,expert,,,,
urupa-18_mother-1-1,urupa-18_mother-1,ive,51,false,expert,,,,
wanyam-18_mother-2-1,wanyam-18_mother-2,ewiʔ,51,false,expert,,,,
wari-18_mother-2-1,wari-18_mother-2,we,51,false,expert,,,,
cojubim-19_father-1-1,cojubim-19_father-1,ite,52,false,expert,,,,
jaru-19_father-1-1,jaru-19_father-1,ete,52,false,expert,,,,
kitemoka-19_father-1-1,kitemoka-19_father-1,tatia,52,false,expert,,,,
more-19_father-1-1,more-19_father-1,ite,52,false,expert,,,,
orowin-19_father-1-1,orowin-19_father-1,iteʔ,52,false,expert,,,,
tapakura-19_father-1-1,tapakura-19_father-1,tia-tia,52,false,expert,,,,
tora-19_father-1-1,tora-19_father-1,ite,52,false,expert,,,,
urupa-19_father-1-1,urupa-19_father-1,ete,52,false,expert,,,,
wanyam-19_father-1-1,wanyam-19_father-1,tata,52,false,expert,,,,
wari-19_father-1-1,wari-19_father-1,te,52,false,expert,,,,
cojubim-20_animal-1-1,cojubim-20_animal-1,patiʔ,53,false,expert,,,,
more-20_animal-1-1,more-20_animal-1,patiʔ,53,false,expert,,,,
wanyam-20_animal-1-1,wanyam-20_animal-1,patiʔ,53,false,expert,,,,
wari-20_animal-1-1,wari-20_animal-1,karawa,54,false,expert,,,,
jaru-21_fish-1-1,jaru-21_fish-1,ihamʔ,55,false,expert,,,,
kitemoka-21_fish-1-1,kitemoka-21_fish-1,iham,55,false,expert,,,,
orowin-21_fish-1-1,orowin-21_fish-1,ifam,55,false,expert,,,,
tapakura-21_fish-1-1,tapakura-21_fish-1,ihuam,55,false,expert,,,,
tora-21_fish-1-1,tora-21_fish-1,hoam,55,false,expert,,,,
urupa-21_fish-1-1,urupa-21_fish-1,iham,55,false,expert,,,,
wanyam-21_fish-1-1,wanyam-21_fish-1,iham,55,false,expert,,,,
wari-21_fish-1-1,wari-21_fish-1,hwam,55,false,expert,,,,
cojubim-22_bird-1-1,cojubim-22_bird-1,ume,56,false,expert,,,,
jaru-22_bird-1-1,jaru-22_bird-1,ume,56,false,expert,,,,
kitemoka-22_bird-1-1,kitemoka-22_bird-1,hume,56,false,expert,,,,
more-22_bird-1-1,more-22_bird-1,ume,56,false,expert,,,,
orowin-22_bird-1-1,orowin-22_bird-1,yme,56,false,expert,,,,
tapakura-22_bird-1-1,tapakura-22_bird-1,ime,56,false,expert,,,,
tora-22_bird-1-1,tora-22_bird-1,uma,56,false,expert,,,,
urupa-22_bird-1-1,urupa-22_bird-1,ume,56,false,expert,,,,
wanyam-22_bird-1-1,wanyam-22_bird-1,imeʔ,56,false,expert,,,,
wari-22_bird-1-1,wari-22_bird-1,me,56,false,expert,,,,
cojubim-23_peccary-1-1,cojubim-23_peccary-1,tokowan,57,false,expert,,,,
kitemoka-23_peccary-1-1,kitemoka-23_peccary-1,tukawan,57,false,expert,,,,
more-23_peccary-1-1,more-23_peccary-1,tokowan,57,false,expert,,,,
tapakura-23_peccary-1-1,tapakura-23_peccary-1,tukawa,57,false,expert,,,,
tora-23_peccary-1-1,tora-23_peccary-1,tukawadn,57,false,expert,,,,
wanyam-23_peccary-1-1,wanyam-23_peccary-1,tokawan,57,false,expert,,,,
wari-23_peccary-1-1,wari-23_peccary-1,katatʃik,58,false,expert,,,,
orowin-23_peccary-1-1,orowin-23_peccary-1,oro jaman,59,false,expert,,,,
jaru-24_deer-1-1,jaru-24_deer-1,wijemu,60,false,expert,,,,
more-24_deer-1-1,more-24_deer-1,jimop,60,false,expert,,,,
tora-24_deer-1-1,tora-24_deer-1,vijemop,60,false,expert,,,,
urupa-24_deer-1-1,urupa-24_deer-1,jemob,60,false,expert,,,,
jaru-24_deer-2-1,jaru-24_deer-2,komem,61,false,expert,,,,
wari-24_deer-1-1,wari-24_deer-1,komem,61,false,expert,,,,
kitemoka-24_deer-1-1,kitemoka-24_deer-1,kimari,62,false,expert,,,,
tapakura-24_deer-1-1,tapakura-24_deer-1,kimari,62,false,expert,,,,
wanyam-24_deer-1-1,wanyam-24_deer-1,imariʔ,62,false,expert,,,,
orowin-24_deer-1-1,orowin-24_deer-1,aranasi,63,false,expert,,,,
cojubim-24_deer-1-1,cojubim-24_deer-1,towam,64,false,expert,,,,
cojubim-25_louse-1-1,cojubim-25_louse-1,iw,65,false,expert,,,,
kitemoka-25_louse-1-1,kitemoka-25_louse-1,ahihi,65,false,expert,,,,
more-25_louse-1-1,more-25_louse-1,iw,65,false,expert,,,,
orowin-25_louse-1-1,orowin-25_louse-1,iwisi,65,false,expert,,,,
tapakura-25_louse-1-1,tapakura-25_louse-1,awi,65,false,expert,,,,
tora-25_louse-1-1,tora-25_louse-1,iw,65,false,expert,,,,
urupa-25_louse-1-1,urupa-25_louse-1,iw,65,false,expert,,,,
wanyam-25_louse-1-1,wanyam-25_louse-1,iwi,65,false,expert,,,,
wari-25_louse-1-1,wari-25_louse-1,iwʔ,65,false,expert,,,,
cojubim-26_snake-1-1,cojubim-26_snake-1,karakaw,66,false,expert,,,,
jaru-26_snake-1-1,jaru-26_snake-1,krakaon,66,false,expert,,,,
more-26_snake-1-1,more-26_snake-1,karakaw,66,false,expert,,,,
orowin-26_snake-1-1,orowin-26_snake-1,karakaw,66,false,expert,,,,
tora-26_snake-1-1,tora-26_snake-1,karakaw,66,false,expert,,,,
urupa-26_snake-1-1,urupa-26_snake-1,krakaw,66,false,expert,,,,
wanyam-26_snake-1-1,wanyam-26_snake-1,karakaw,66,false,expert,,,,
wari-26_snake-1-1,wari-26_snake-1,emʔ,67,false,expert,,,,
jaru-27_worm-1-1,jaru-27_worm-1,emete,68,false,expert,,,,
orowin-27_worm-1-1,orowin-27_worm-1,emeteʔ,68,false,expert,,,,
wari-27_worm-1-1,wari-27_worm-1,meteʔ,68,false,expert,,,,
more-27_worm-1-1,more-27_worm-1,natanatan,69,false,expert,,,,
wanyam-27_worm-1-1,wanyam-27_worm-1,akak,70,false,expert,,,,
kitemoka-28_forest-1-1,kitemoka-28_forest-1,omi,71,false,expert,,,,
more-28_forest-1-1,more-28_forest-1,umi,71,false,expert,,,,
orowin-28_forest-1-1,orowin-28_forest-1,omi,71,false,expert,,,,
tora-28_forest-1-1,tora-28_forest-1,umi,71,false,expert,,,,
wanyam-28_forest-1-1,wanyam-28_forest-1,omi,71,false,expert,,,,
wari-28_forest-1-1,wari-28_forest-1,mi,71,false,expert,,,,
jaru-28_forest-1-1,jaru-28_forest-1,horoam,72,false,expert,,,,
tapakura-28_forest-1-1,tapakura-28_forest-1,witip,73,false,expert,,,,
cojubim-29_stick-1-1,cojubim-29_stick-1,pana,74,false,expert,,,,
jaru-29_stick-1-1,jaru-29_stick-1,pana,74,false,expert,,,,
more-29_stick-1-1,more-29_stick-1,pana,74,false,expert,,,,
orowin-29_stick-1-1,orowin-29_stick-1,pana,74,false,expert,,,,
tapakura-29_stick-1-1,tapakura-29_stick-1,pane,74,false,expert,,,,
tora-29_stick-1-1,tora-29_stick-1,pana,74,false,expert,,,,
urupa-29_stick-1-1,urupa-29_stick-1,pana,74,false,expert,,,,
wanyam-29_stick-1-1,wanyam-29_stick-1,pana,74,false,expert,,,,
wari-29_stick-1-1,wari-29_stick-1,pana,74,false,expert,,,,
cojubim-30_fruit-1-1,cojubim-30_fruit-1,upeji pana,75,false,expert,,,,
jaru-30_fruit-1-1,jaru-30_fruit-1,opiã pana,75,false,expert,,,,
more-30_fruit-1-1,more-30_fruit-1,upeje pana,75,false,expert,,,,
orowin-30_fruit-1-1,orowin-30_fruit-1,ipijam,75,false,expert,,,,
wanyam-30_fruit-1-1,wanyam-30_fruit-1,ipijam,75,false,expert,,,,
wari-30_fruit-1-1,wari-30_fruit-1,memem,76,false,expert,,,,
tapakura-30_fruit-1-1,tapakura-30_fruit-1,maritia,77,false,expert,,,,
kitemoka-30_fruit-1-1,kitemoka-30_fruit-1,pekoɲoɲi,78,false,expert,,,,
cojubim-31_leaf-1-1,cojubim-31_leaf-1,tan,79,false,expert,,,,
more-31_leaf-1-1,more-31_leaf-1,tan,79,false,expert,,,,
orowin-31_leaf-1-1,orowin-31_leaf-1,tajinan,79,false,expert,,,,
wanyam-31_leaf-1-1,wanyam-31_leaf-1,tain,79,false,expert,,,,
wari-31_leaf-1-1,wari-31_leaf-1,taji,79,false,expert,,,,
tora-31_leaf-1-1,tora-31_leaf-1,murami,80,false,expert,,,,
kitemoka-31_leaf-1-1,kitemoka-31_leaf-1,atia,81,false,expert,,,,
tapakura-31_leaf-1-1,tapakura-31_leaf-1,ʃuɲu,82,false,expert,,,,
orowin-32_root-1-1,orowin-32_root-1,sikinan,83,false,expert,,,,
wari-32_root-1-1,wari-32_root-1,katʃima,83,false,expert,,,,
cojubim-33_flower-1-1,cojubim-33_flower-1,piwan,84,false,expert,,,,
jaru-33_flower-1-1,jaru-33_flower-1,piwan,84,false,expert,,,,
more-33_flower-1-1,more-33_flower-1,piwan,84,false,expert,,,,
orowin-33_flower-1-1,orowin-33_flower-1,piwan,84,false,expert,,,,
tora-33_flower-1-1,tora-33_flower-1,piwaj,84,false,expert,,,,
wari-33_flower-1-1,wari-33_flower-1,piwaɲ,84,false,expert,,,,
kitemoka-33_flower-1-1,kitemoka-33_flower-1,tohot ɲe,85,false,expert,,,,
tapakura-33_flower-1-1,tapakura-33_flower-1,tahune,85,false,expert,,,,
wari-34_grass-1-1,wari-34_grass-1,tononoɲ,86,false,expert,,,,
jaru-34_grass-1-1,jaru-34_grass-1,iwip,87,false,expert,,,,
wanyam-34_grass-1-1,wanyam-34_grass-1,iwijip,87,false,expert,,,,
orowin-34_grass-1-1,orowin-34_grass-1,kawawaʔ,88,false,expert,,,,
kitemoka-34_grass-1-1,kitemoka-34_grass-1,wiwiti,89,false,expert,,,,
tapakura-34_grass-1-1,tapakura-34_grass-1,wiʃiti morutam,89,false,expert,,,,
more-34_grass-1-1,more-34_grass-1,towan,90,false,expert,,,,
cojubim-35_rope-1-1,cojubim-35_rope-1,mokon,91,false,expert,,,,
more-35_rope-1-1,more-35_rope-1,mokon,91,false,expert,,,,
orowin-35_rope-1-1,orowin-35_rope-1,mokorikon,91,false,expert,,,,
urupa-35_rope-1-1,urupa-35_rope-1,mukon,91,false,expert,,,,
wanyam-35_rope-1-1,wanyam-35_rope-1,mokon,91,false,expert,,,,
wari-35_rope-1-1,wari-35_rope-1,makon,91,false,expert,,,,
jaru-35_rope-1-1,jaru-35_rope-1,kurupi,92,false,expert,,,,
tora-35_rope-1-1,tora-35_rope-1,tukuripa,92,false,expert,,,,
jaru-36_skin-1-1,jaru-36_skin-1,tuparesi,93,false,expert,,,,
kitemoka-36_skin-1-1,kitemoka-36_skin-1,paritʃe,93,false,expert,,,,
more-36_skin-1-1,more-36_skin-1,topan,93,false,expert,,,,
orowin-36_skin-1-1,orowin-36_skin-1,toporisi,93,false,expert,,,,
tapakura-36_skin-1-1,tapakura-36_skin-1,tuparitʃi,93,false,expert,,,,
tora-36_skin-1-1,tora-36_skin-1,tupara,93,false,expert,,,,
urupa-36_skin-1-1,urupa-36_skin-1,tuparisi,93,false,expert,,,,
wanyam-36_skin-1-1,wanyam-36_skin-1,tupariʃiʔ,93,false,expert,,,,
wari-36_skin-1-1,wari-36_skin-1,taparitʃiʔ,93,false,expert,,,,
jaru-37_meat-1-1,jaru-37_meat-1,ikekren,94,false,expert,,,,
more-37_meat-1-1,more-37_meat-1,ukun,94,false,expert,,,,
orowin-37_meat-1-1,orowin-37_meat-1,ykeresi,94,false,expert,,,,
wanyam-37_meat-1-1,wanyam-37_meat-1,ikerem,94,false,expert,,,,
wari-37_meat-1-1,wari-37_meat-1,kweretʃiʔ,94,false,expert,,,,
jaru-38_blood-1-1,jaru-38_blood-1,wit,95,false,expert,,,,
kitemoka-38_blood-1-1,kitemoka-38_blood-1,aweitʃe,95,false,expert,,,,
more-38_blood-1-1,more-38_blood-1,wyk,95,false,expert,,,,
orowin-38_blood-1-1,orowin-38_blood-1,wikisi,95,false,expert,,,,
tapakura-38_blood-1-1,tapakura-38_blood-1,awi,95,false,expert,,,,
tora-38_blood-1-1,tora-38_blood-1,wi,95,false,expert,,,,
urupa-38_blood-1-1,urupa-38_blood-1,wikisi,95,false,expert,,,,
wanyam-38_blood-1-1,wanyam-38_blood-1,wiki,95,false,expert,,,,
wari-38_blood-1-1,wari-38_blood-1,kitʃiʔ,95,false,expert,,,,
cojubim-39_bone-1-1,cojubim-39_bone-1,at,96,false,expert,,,,
jaru-39_bone-1-1,jaru-39_bone-1,rasi,96,false,expert,,,,
kitemoka-39_bone-1-1,kitemoka-39_bone-1,taritʃe,96,false,expert,,,,
more-39_bone-1-1,more-39_bone-1,at,96,false,expert,,,,
orowin-39_bone-1-1,orowin-39_bone-1,aran,96,false,expert,,,,
tapakura-39_bone-1-1,tapakura-39_bone-1,atat,96,false,expert,,,,
tora-39_bone-1-1,tora-39_bone-1,ataʃi,96,false,expert,,,,
urupa-39_bone-1-1,urupa-39_bone-1,arasi,96,false,expert,,,,
wanyam-39_bone-1-1,wanyam-39_bone-1,araj,96,false,expert,,,,
wari-39_bone-1-1,wari-39_bone-1,aratʃiʔ,96,false,expert,,,,
cojubim-40_fat-1-1,cojubim-40_fat-1,mapum,97,false,expert,,,,
jaru-40_fat-1-1,jaru-40_fat-1,ahomi,97,false,expert,,,,
more-40_fat-1-1,more-40_fat-1,mapom,97,false,expert,,,,
orowin-40_fat-1-1,orowin-40_fat-1,mafomasi,97,false,expert,,,,
tapakura-40_fat-1-1,tapakura-40_fat-1,momikum-kiru,97,false,expert,,,,
tora-40_fat-1-1,tora-40_fat-1,taahon,97,false,expert,,,,
wanyam-40_fat-1-1,wanyam-40_fat-1,wahumajn,97,false,expert,,,,
wari-40_fat-1-1,wari-40_fat-1,homaɲ,97,false,expert,,,,
kitemoka-40_fat-1-1,kitemoka-40_fat-1,mitaikongo,98,false,expert,,,,
cojubim-41_egg-1-1,cojubim-41_egg-1,ari jaɲ,99,false,expert,,,,
jaru-41_egg-1-1,jaru-41_egg-1,rejen,99,false,expert,,,,
kitemoka-41_egg-1-1,kitemoka-41_egg-1,tirantia,99,false,expert,,,,
more-41_egg-1-1,more-41_egg-1,ariʒ̟a,99,false,expert,,,,
orowin-41_egg-1-1,orowin-41_egg-1,arikon,99,false,expert,,,,
tapakura-41_egg-1-1,tapakura-41_egg-1,ateranta,99,false,expert,,,,
tora-41_egg-1-1,tora-41_egg-1,azeron,99,false,expert,,,,
urupa-41_egg-1-1,urupa-41_egg-1,erejen,99,false,expert,,,,
wanyam-41_egg-1-1,wanyam-41_egg-1,arikon,99,false,expert,,,,
wari-41_egg-1-1,wari-41_egg-1,arajeɲ,99,false,expert,,,,
kitemoka-42_horn-1-1,kitemoka-42_horn-1,pitʃi,100,false,expert,,,,
orowin-42_horn-1-1,orowin-42_horn-1,pitikon,100,false,expert,,,,
wari-42_horn-1-1,wari-42_horn-1,pitʃinaɲ,100,false,expert,,,,
cojubim-42_horn-1-1,cojubim-42_horn-1,tataw,101,false,expert,,,,
more-42_horn-1-1,more-42_horn-1,tataw,101,false,expert,,,,
wanyam-42_horn-1-1,wanyam-42_horn-1,tatawi,101,false,expert,,,,
jaru-42_horn-1-1,jaru-42_horn-1,ileken,102,false,expert,,,,
tapakura-42_horn-1-1,tapakura-42_horn-1,injawan,103,false,expert,,,,
cojubim-43_tail-1-1,cojubim-43_tail-1,kipun,104,false,expert,,,,
more-43_tail-1-1,more-43_tail-1,kipun,104,false,expert,,,,
orowin-43_tail-1-1,orowin-43_tail-1,keferesi,104,false,expert,,,,
wanyam-43_tail-1-1,wanyam-43_tail-1,kahire,104,false,expert,,,,
wari-43_tail-1-1,wari-43_tail-1,kahwereɲ,104,false,expert,,,,
kitemoka-43_tail-1-1,kitemoka-43_tail-1,sokotʃetitʃe,105,false,expert,,,,
tapakura-43_tail-1-1,tapakura-43_tail-1,tʃipitʃi,105,false,expert,,,,
cojubim-44_hair-1-1,cojubim-44_hair-1,tuna,106,false,expert,,,,
jaru-44_hair-1-1,jaru-44_hair-1,tinji,106,false,expert,,,,
kitemoka-44_hair-1-1,kitemoka-44_hair-1,tʃumitʃe,106,false,expert,,,,
more-44_hair-1-1,more-44_hair-1,tuneɲ,106,false,expert,,,,
orowin-44_hair-1-1,orowin-44_hair-1,tynesi,106,false,expert,,,,
tapakura-44_hair-1-1,tapakura-44_hair-1,tʃumitʃi,106,false,expert,,,,
tora-44_hair-1-1,tora-44_hair-1,tuni,106,false,expert,,,,
wanyam-44_hair-1-1,wanyam-44_hair-1,tiniʃiʔ,106,false,expert,,,,
wari-44_hair-1-1,wari-44_hair-1,tenenetʃiʔ,106,false,expert,,,,
jaru-44_hair-2-1,jaru-44_hair-2,juhenesi,107,false,expert,,,,
urupa-44_hair-1-1,urupa-44_hair-1,yvenesi,107,false,expert,,,,
jaru-44_hair-3-1,jaru-44_hair-3,jupisi,108,false,expert,,,,
cojubim-45_head-1-1,cojubim-45_head-1,upek,109,false,expert,,,,
kitemoka-45_head-1-1,kitemoka-45_head-1,paitʃe,109,false,expert,,,,
more-45_head-1-1,more-45_head-1,upwik,109,false,expert,,,,
orowin-45_head-1-1,orowin-45_head-1,ipijisi,109,false,expert,,,,
tapakura-45_head-1-1,tapakura-45_head-1,upatʃi,109,false,expert,,,,
tora-45_head-1-1,tora-45_head-1,upujeʃi,109,false,expert,,,,
urupa-45_head-1-1,urupa-45_head-1,ypirisi,109,false,expert,,,,
wanyam-45_head-1-1,wanyam-45_head-1,ipijiʃiʔ,109,false,expert,,,,
wari-45_head-1-1,wari-45_head-1,winatʃiʔ,110,false,expert,,,,
jaru-45_head-1-1,jaru-45_head-1,totepisi,111,false,expert,,,,
jaru-46_ear-1-1,jaru-46_ear-1,traisi,112,false,expert,,,,
kitemoka-46_ear-1-1,kitemoka-46_ear-1,tatiatatʃe,112,false,expert,,,,
orowin-46_ear-1-1,orowin-46_ear-1,trajisi,112,false,expert,,,,
tapakura-46_ear-1-1,tapakura-46_ear-1,taitatatʃi,112,false,expert,,,,
urupa-46_ear-1-1,urupa-46_ear-1,traisi,112,false,expert,,,,
wanyam-46_ear-1-1,wanyam-46_ear-1,tarajiʃiʔ,112,false,expert,,,,
wari-46_ear-1-1,wari-46_ear-1,tarajitʃiʔ,112,false,expert,,,,
cojubim-46_ear-1-1,cojubim-46_ear-1,tenetet,113,false,expert,,,,
more-46_ear-1-1,more-46_ear-1,tenetet,113,false,expert,,,,
tora-46_ear-1-1,tora-46_ear-1,tetete,113,false,expert,,,,
cojubim-47_eye-1-1,cojubim-47_eye-1,tok,114,false,expert,,,,
jaru-47_eye-1-1,jaru-47_eye-1,tekisi,114,false,expert,,,,
kitemoka-47_eye-1-1,kitemoka-47_eye-1,kutʃi,114,false,expert,,,,
more-47_eye-1-1,more-47_eye-1,tok,114,false,expert,,,,
orowin-47_eye-1-1,orowin-47_eye-1,tokisi,114,false,expert,,,,
tapakura-47_eye-1-1,tapakura-47_eye-1,tukutʃi,114,false,expert,,,,
tora-47_eye-1-1,tora-47_eye-1,tok,114,false,expert,,,,
urupa-47_eye-1-1,urupa-47_eye-1,tukesi,114,false,expert,,,,
wanyam-47_eye-1-1,wanyam-47_eye-1,tokiʃiʔ,114,false,expert,,,,
wari-47_eye-1-1,wari-47_eye-1,tokotʃiʔ,114,false,expert,,,,
cojubim-48_nose-1-1,cojubim-48_nose-1,ur,115,false,expert,,,,
jaru-48_nose-1-1,jaru-48_nose-1,jolisi,115,false,expert,,,,
kitemoka-48_nose-1-1,kitemoka-48_nose-1,turutʃe,115,false,expert,,,,
more-48_nose-1-1,more-48_nose-1,uʒ̟,115,false,expert,,,,
orowin-48_nose-1-1,orowin-48_nose-1,yrysi,115,false,expert,,,,
tapakura-48_nose-1-1,tapakura-48_nose-1,uturutʃi,115,false,expert,,,,
tora-48_nose-1-1,tora-48_nose-1,uj,115,false,expert,,,,
urupa-48_nose-1-1,urupa-48_nose-1,juresi,115,false,expert,,,,
wanyam-48_nose-1-1,wanyam-48_nose-1,iriʃiʔ,115,false,expert,,,,
wari-48_nose-1-1,wari-48_nose-1,weretʃiʔ,115,false,expert,,,,
jaru-49_mouth-1-1,jaru-49_mouth-1,tupakasi,116,false,expert,,,,
more-49_mouth-1-1,more-49_mouth-1,topak,116,false,expert,,,,
orowin-49_mouth-1-1,orowin-49_mouth-1,topakasi,116,false,expert,,,,
tapakura-49_mouth-1-1,tapakura-49_mouth-1,tupakatʃi,116,false,expert,,,,
urupa-49_mouth-1-1,urupa-49_mouth-1,tupakasi,116,false,expert,,,,
wanyam-49_mouth-1-1,wanyam-49_mouth-1,topakaʃiʔ,116,false,expert,,,,
wari-49_mouth-1-1,wari-49_mouth-1,topak,116,false,expert,,,,
kitemoka-49_mouth-1-1,kitemoka-49_mouth-1,rikajatʃi,117,false,expert,,,,
tora-49_mouth-1-1,tora-49_mouth-1,tuaraw,118,false,expert,,,,
jaru-50_tooth-1-1,jaru-50_tooth-1,itisi,119,false,expert,,,,
kitemoka-50_tooth-1-1,kitemoka-50_tooth-1,ijaditʃe,119,false,expert,,,,
more-50_tooth-1-1,more-50_tooth-1,jat,119,false,expert,,,,
orowin-50_tooth-1-1,orowin-50_tooth-1,ijitisi,119,false,expert,,,,
tapakura-50_tooth-1-1,tapakura-50_tooth-1,jatitʃi,119,false,expert,,,,
tora-50_tooth-1-1,tora-50_tooth-1,jatiʃi,119,false,expert,,,,
urupa-50_tooth-1-1,urupa-50_tooth-1,jetisi,119,false,expert,,,,
wanyam-50_tooth-1-1,wanyam-50_tooth-1,ijitiʃiʔ,119,false,expert,,,,
wari-50_tooth-1-1,wari-50_tooth-1,tʃitʃiʔ,119,false,expert,,,,
orowin-51_tongue-1-1,orowin-51_tongue-1,tepekejesi,120,false,expert,,,,
tapakura-51_tongue-1-1,tapakura-51_tongue-1,tapuitakatʃi,120,false,expert,,,,
wari-51_tongue-1-1,wari-51_tongue-1,petehwet,120,false,expert,,,,
cojubim-51_tongue-1-1,cojubim-51_tongue-1,kapajak,121,false,expert,,,,
jaru-51_tongue-1-1,jaru-51_tongue-1,kapiakasi,121,false,expert,,,,
kitemoka-51_tongue-1-1,kitemoka-51_tongue-1,kapikakatʃe,121,false,expert,,,,
more-51_tongue-1-1,more-51_tongue-1,kapajak,121,false,expert,,,,
tora-51_tongue-1-1,tora-51_tongue-1,kapiakiʃiʔ,121,false,expert,,,,
urupa-51_tongue-1-1,urupa-51_tongue-1,kapiakasi,121,false,expert,,,,
wanyam-51_tongue-1-1,wanyam-51_tongue-1,kapijakaʃiʔ,121,false,expert,,,,
wari-51_tongue-2-1,wari-51_tongue-2,kapijatʃiʔ,121,false,expert,,,,
jaru-52_fingernail-1-1,jaru-52_fingernail-1,pisikinisi,122,false,expert,,,,
orowin-52_fingernail-1-1,orowin-52_fingernail-1,sykynesi,122,false,expert,,,,
tora-52_fingernail-1-1,tora-52_fingernail-1,pesoro,122,false,expert,,,,
wanyam-52_fingernail-1-1,wanyam-52_fingernail-1,pikinaʃiʔ,122,false,expert,,,,
wari-52_fingernail-1-1,wari-52_fingernail-1,tʃikinatʃiʔ,122,false,expert,,,,
cojubim-52_fingernail-1-1,cojubim-52_fingernail-1,tupi,123,false,expert,,,,
more-52_fingernail-1-1,more-52_fingernail-1,tupi,123,false,expert,,,,
tapakura-52_fingernail-1-1,tapakura-52_fingernail-1,naimitʃi,124,false,expert,,,,
jaru-53_foot-1-1,jaru-53_foot-1,katimasi,125,false,expert,,,,
kitemoka-53_foot-1-1,kitemoka-53_foot-1,kaimatʃe,125,false,expert,,,,
tapakura-53_foot-1-1,tapakura-53_foot-1,kaimatʃi,125,false,expert,,,,
tora-53_foot-1-1,tora-53_foot-1,kazima,125,false,expert,,,,
urupa-53_foot-1-1,urupa-53_foot-1,katimasi,125,false,expert,,,,
wanyam-53_foot-1-1,wanyam-53_foot-1,katimaʃiʔ,125,false,expert,,,,
wari-53_foot-1-1,wari-53_foot-1,katʃimatʃiʔ,125,false,expert,,,,
orowin-53_foot-1-1,orowin-53_foot-1,pasomasi,126,false,expert,,,,
wari-53_foot-2-1,wari-53_foot-2,pitʃijatʃiʔ,126,false,expert,,,,
cojubim-53_foot-1-1,cojubim-53_foot-1,tʃinak,127,false,expert,,,,
more-53_foot-1-1,more-53_foot-1,tʃinak,127,false,expert,,,,
tapakura-53_foot-2-1,tapakura-53_foot-2,tʃikitʃi,127,false,expert,,,,
tora-53_foot-2-1,tora-53_foot-2,ʃikiniʃi,127,false,expert,,,,
cojubim-54_leg-1-1,cojubim-54_leg-1,pok,128,false,expert,,,,
jaru-54_leg-1-1,jaru-54_leg-1,ekisi,128,false,expert,,,,
kitemoka-54_leg-1-1,kitemoka-54_leg-1,kohotʃi,128,false,expert,,,,
more-54_leg-1-1,more-54_leg-1,pok,128,false,expert,,,,
orowin-54_leg-1-1,orowin-54_leg-1,fokisi,128,false,expert,,,,
tapakura-54_leg-1-1,tapakura-54_leg-1,ukutʃi,128,false,expert,,,,
tora-54_leg-1-1,tora-54_leg-1,hok,128,false,expert,,,,
wanyam-54_leg-1-1,wanyam-54_leg-1,hokiʃiʔ,128,false,expert,,,,
wari-54_leg-1-1,wari-54_leg-1,kokotʃiʔ,128,false,expert,,,,
orowin-55_knee-1-1,orowin-55_knee-1,makaramasi,129,false,expert,,,,
wanyam-55_knee-1-1,wanyam-55_knee-1,warakaramaʃiʔ,129,false,expert,,,,
wari-55_knee-1-1,wari-55_knee-1,karamatʃiʔ,129,false,expert,,,,
orowin-55_knee-2-1,orowin-55_knee-2,mafonasi,130,false,expert,,,,
cojubim-55_knee-1-1,cojubim-55_knee-1,tokozim,131,false,expert,,,,
jaru-55_knee-1-1,jaru-55_knee-1,toketekilipasi,131,false,expert,,,,
kitemoka-55_knee-1-1,kitemoka-55_knee-1,tukaivatʃe,131,false,expert,,,,
more-55_knee-1-1,more-55_knee-1,tukuʒ̟im,131,false,expert,,,,
tapakura-55_knee-1-1,tapakura-55_knee-1,tukaimatʃi,131,false,expert,,,,
tora-55_knee-1-1,tora-55_knee-1,tukazim,131,false,expert,,,,
kitemoka-56_hand-1-1,kitemoka-56_hand-1,umajo,132,false,expert,,,,
more-56_hand-1-1,more-56_hand-1,um,132,false,expert,,,,
tapakura-56_hand-1-1,tapakura-56_hand-1,umitʃi,132,false,expert,,,,
tora-56_hand-1-1,tora-56_hand-1,umu,132,false,expert,,,,
wari-56_hand-1-1,wari-56_hand-1,mitʃiʔ,132,false,expert,,,,
cojubim-56_hand-1-1,cojubim-56_hand-1,tipan,133,false,expert,,,,
jaru-56_hand-1-1,jaru-56_hand-1,tiprasi,133,false,expert,,,,
kitemoka-56_hand-2-1,kitemoka-56_hand-2,tʃeparaju,133,false,expert,,,,
more-56_hand-2-1,more-56_hand-2,tipan,133,false,expert,,,,
orowin-56_hand-1-1,orowin-56_hand-1,tiprasi,133,false,expert,,,,
tapakura-56_hand-2-1,tapakura-56_hand-2,itʃoparatʃi,133,false,expert,,,,
tora-56_hand-2-1,tora-56_hand-2,tipara,133,false,expert,,,,
urupa-56_hand-1-1,urupa-56_hand-1,tiprasi,133,false,expert,,,,
wanyam-56_hand-1-1,wanyam-56_hand-1,tiparaʃiʔ,133,false,expert,,,,
wari-56_hand-2-1,wari-56_hand-2,taparatʃiʔ,133,false,expert,,,,
cojubim-57_wing-1-1,cojubim-57_wing-1,nipat,134,false,expert,,,,
kitemoka-57_wing-1-1,kitemoka-57_wing-1,ipati-ko,134,false,expert,,,,
more-57_wing-1-1,more-57_wing-1,nipat,134,false,expert,,,,
orowin-57_wing-1-1,orowin-57_wing-1,napatinan,134,false,expert,,,,
tapakura-57_wing-1-1,tapakura-57_wing-1,hipatʃi,134,false,expert,,,,
wanyam-57_wing-1-1,wanyam-57_wing-1,nipat,134,false,expert,,,,
wari-57_wing-1-1,wari-57_wing-1,tapatʃi,134,false,expert,,,,
jaru-58_belly-1-1,jaru-58_belly-1,tokotepasi,135,false,expert,,,,
kitemoka-58_belly-1-1,kitemoka-58_belly-1,kimotʃe,135,false,expert,,,,
more-58_belly-1-1,more-58_belly-1,tim,135,false,expert,,,,
orowin-58_belly-1-1,orowin-58_belly-1,kimi,135,false,expert,,,,
tapakura-58_belly-1-1,tapakura-58_belly-1,tekematʃe,135,false,expert,,,,
tora-58_belly-1-1,tora-58_belly-1,tosipa,135,false,expert,,,,
wanyam-58_belly-1-1,wanyam-58_belly-1,kimijekin,135,false,expert,,,,
orowin-58_belly-2-1,orowin-58_belly-2,tapawakon,136,false,expert,,,,
cojubim-58_belly-1-1,cojubim-58_belly-1,tʃakaw ta,137,false,expert,,,,
more-58_belly-2-1,more-58_belly-2,tʃakaw,137,false,expert,,,,
wari-58_belly-1-1,wari-58_belly-1,pemenetʃiʔ,138,false,expert,,,,
cojubim-59_guts-1-1,cojubim-59_guts-1,kirimonʔ,139,false,expert,,,,
jaru-59_guts-1-1,jaru-59_guts-1,menesi,139,false,expert,,,,
kitemoka-59_guts-1-1,kitemoka-59_guts-1,waememitʃe,139,false,expert,,,,
more-59_guts-1-1,more-59_guts-1,mukuri mon,139,false,expert,,,,
orowin-59_guts-1-1,orowin-59_guts-1,monosi,139,false,expert,,,,
tapakura-59_guts-1-1,tapakura-59_guts-1,amunitʃi,139,false,expert,,,,
wari-59_guts-1-1,wari-59_guts-1,monotʃiʔ,139,false,expert,,,,
wanyam-59_guts-1-1,wanyam-59_guts-1,karapap wajiʃiʔ,140,false,expert,,,,
kitemoka-59_guts-2-1,kitemoka-59_guts-2,anteretʃe,141,false,expert,,,,
cojubim-60_neck-1-1,cojubim-60_neck-1,patam,142,false,expert,,,,
jaru-60_neck-1-1,jaru-60_neck-1,upramasi,142,false,expert,,,,
more-60_neck-1-1,more-60_neck-1,patam,142,false,expert,,,,
orowin-60_neck-1-1,orowin-60_neck-1,oparamasi,142,false,expert,,,,
tora-60_neck-1-1,tora-60_neck-1,patama,142,false,expert,,,,
wanyam-60_neck-1-1,wanyam-60_neck-1,uparamaʃiʔ,142,false,expert,,,,
wari-60_neck-1-1,wari-60_neck-1,paramatʃiʔ,142,false,expert,,,,
kitemoka-60_neck-1-1,kitemoka-60_neck-1,aikeɲemitʃe,143,false,expert,,,,
tapakura-60_neck-1-1,tapakura-60_neck-1,hukiminitʃi,143,false,expert,,,,
wari-60_neck-2-1,wari-60_neck-2,kanemitʃiʔ,143,false,expert,,,,
cojubim-61_back-1-1,cojubim-61_back-1,ataw,144,false,expert,,,,
jaru-61_back-1-1,jaru-61_back-1,arawasi,144,false,expert,,,,
kitemoka-61_back-1-1,kitemoka-61_back-1,totojatʃe,144,false,expert,,,,
more-61_back-1-1,more-61_back-1,ataw,144,false,expert,,,,
orowin-61_back-1-1,orowin-61_back-1,arawasi,144,false,expert,,,,
tapakura-61_back-1-1,tapakura-61_back-1,otowatʃi,144,false,expert,,,,
tora-61_back-1-1,tora-61_back-1,wuritim,144,false,expert,,,,
urupa-61_back-1-1,urupa-61_back-1,erawasi,144,false,expert,,,,
wanyam-61_back-1-1,wanyam-61_back-1,awaraʃiʔ,144,false,expert,,,,
wari-61_back-1-1,wari-61_back-1,waratʃiʔ,144,false,expert,,,,
cojubim-62_breast-1-1,cojubim-62_breast-1,katat,145,false,expert,,,,
more-62_breast-1-1,more-62_breast-1,katat,145,false,expert,,,,
orowin-62_breast-1-1,orowin-62_breast-1,karatisi,145,false,expert,,,,
tora-62_breast-1-1,tora-62_breast-1,katasan,145,false,expert,,,,
urupa-62_breast-1-1,urupa-62_breast-1,karatisi,145,false,expert,,,,
wanyam-62_breast-1-1,wanyam-62_breast-1,karatiʃiʔ,145,false,expert,,,,
wari-62_breast-1-1,wari-62_breast-1,karatʃitʃiʔ,145,false,expert,,,,
jaru-62_breast-1-1,jaru-62_breast-1,ikimasi,146,false,expert,,,,
kitemoka-62_breast-1-1,kitemoka-62_breast-1,kematakama,146,false,expert,,,,
more-62_breast-2-1,more-62_breast-2,kima,146,false,expert,,,,
orowin-62_breast-2-1,orowin-62_breast-2,ikimasi,146,false,expert,,,,
tora-62_breast-2-1,tora-62_breast-2,ikima,146,false,expert,,,,
wari-62_breast-2-1,wari-62_breast-2,kimatʃiʔ,146,false,expert,,,,
cojubim-63_heart-1-1,cojubim-63_heart-1,toku ru tim,147,false,expert,,,,
jaru-63_heart-1-1,jaru-63_heart-1,temisi,147,false,expert,,,,
kitemoka-63_heart-1-1,kitemoka-63_heart-1,simitʃe,147,false,expert,,,,
more-63_heart-1-1,more-63_heart-1,tuku ritim,147,false,expert,,,,
orowin-63_heart-1-1,orowin-63_heart-1,timisi,147,false,expert,,,,
tapakura-63_heart-1-1,tapakura-63_heart-1,simitʃi,147,false,expert,,,,
tora-63_heart-1-1,tora-63_heart-1,timu,147,false,expert,,,,
wanyam-63_heart-1-1,wanyam-63_heart-1,timiʃiʔ,147,false,expert,,,,
wari-63_heart-1-1,wari-63_heart-1,tʃimitʃiʔ,147,false,expert,,,,
cojubim-64_liver-1-1,cojubim-64_liver-1,tʃawan,148,false,expert,,,,
jaru-64_liver-1-1,jaru-64_liver-1,trawanasi,148,false,expert,,,,
more-64_liver-1-1,more-64_liver-1,sawan,148,false,expert,,,,
orowin-64_liver-1-1,orowin-64_liver-1,trawrisi,148,false,expert,,,,
tora-64_liver-1-1,tora-64_liver-1,trawana,148,false,expert,,,,
wanyam-64_liver-1-1,wanyam-64_liver-1,tarawaneʃiʔ,148,false,expert,,,,
wari-64_liver-1-1,wari-64_liver-1,tarawanatʃiʔ,148,false,expert,,,,
cojubim-65_drink-1-1,cojubim-65_drink-1,tok,149,false,expert,,,,
kitemoka-65_drink-1-1,kitemoka-65_drink-1,kot,149,false,expert,,,,
more-65_drink-1-1,more-65_drink-1,tok,149,false,expert,,,,
orowin-65_drink-1-1,orowin-65_drink-1,tok,149,false,expert,,,,
tora-65_drink-1-1,tora-65_drink-1,tuk,149,false,expert,,,,
urupa-65_drink-1-1,urupa-65_drink-1,tok,149,false,expert,,,,
wanyam-65_drink-1-1,wanyam-65_drink-1,tuka,149,false,expert,,,,
wari-65_drink-1-1,wari-65_drink-1,tok,149,false,expert,,,,
cojubim-66_eat-1-1,cojubim-66_eat-1,kawʔ,150,false,expert,,,,
jaru-66_eat-1-1,jaru-66_eat-1,kaw,150,false,expert,,,,
kitemoka-66_eat-1-1,kitemoka-66_eat-1,kaw,150,false,expert,,,,
more-66_eat-1-1,more-66_eat-1,kaw,150,false,expert,,,,
orowin-66_eat-1-1,orowin-66_eat-1,kaw,150,false,expert,,,,
tapakura-66_eat-1-1,tapakura-66_eat-1,kaw,150,false,expert,,,,
tora-66_eat-1-1,tora-66_eat-1,kaw,150,false,expert,,,,
urupa-66_eat-1-1,urupa-66_eat-1,kaw,150,false,expert,,,,
wanyam-66_eat-1-1,wanyam-66_eat-1,kaw,150,false,expert,,,,
wari-66_eat-1-1,wari-66_eat-1,kaw,150,false,expert,,,,
cojubim-67_bite-1-1,cojubim-67_bite-1,kiwʔ,151,false,expert,,,,
more-67_bite-1-1,more-67_bite-1,kiw,151,false,expert,,,,
orowin-67_bite-1-1,orowin-67_bite-1,kiw,151,false,expert,,,,
tora-67_bite-1-1,tora-67_bite-1,kiw,151,false,expert,,,,
wanyam-67_bite-1-1,wanyam-67_bite-1,kiw,151,false,expert,,,,
wari-67_bite-1-1,wari-67_bite-1,kiw,151,false,expert,,,,
jaru-67_bite-1-1,jaru-67_bite-1,tapitʔ,152,false,expert,,,,
cojubim-68_suck-1-1,cojubim-68_suck-1,tʃak,153,false,expert,,,,
more-68_suck-1-1,more-68_suck-1,tʃak,153,false,expert,,,,
orowin-68_suck-1-1,orowin-68_suck-1,itak,153,false,expert,,,,
wanyam-68_suck-1-1,wanyam-68_suck-1,ʃak,153,false,expert,,,,
wari-68_suck-1-1,wari-68_suck-1,tʃak,153,false,expert,,,,
cojubim-69_vomit-1-1,cojubim-69_vomit-1,weʔ,154,false,expert,,,,
jaru-69_vomit-1-1,jaru-69_vomit-1,we,154,false,expert,,,,
more-69_vomit-1-1,more-69_vomit-1,we,154,false,expert,,,,
orowin-69_vomit-1-1,orowin-69_vomit-1,yweʔ,154,false,expert,,,,
wanyam-69_vomit-1-1,wanyam-69_vomit-1,we,154,false,expert,,,,
wari-69_vomit-1-1,wari-69_vomit-1,weʔ,154,false,expert,,,,
more-70_breathe-1-1,more-70_breathe-1,awi ram,155,false,expert,,,,
orowin-70_breathe-1-1,orowin-70_breathe-1,woram,155,false,expert,,,,
wanyam-70_breathe-1-1,wanyam-70_breathe-1,uram,155,false,expert,,,,
wari-70_breathe-1-1,wari-70_breathe-1,wereme,155,false,expert,,,,
cojubim-70_breathe-1-1,cojubim-70_breathe-1,zak,156,false,expert,,,,
more-70_breathe-2-1,more-70_breathe-2,ʒ̟ak,156,false,expert,,,,
cojubim-71_laugh-1-1,cojubim-71_laugh-1,tasam,157,false,expert,,,,
more-71_laugh-1-1,more-71_laugh-1,tasam,157,false,expert,,,,
orowin-71_laugh-1-1,orowin-71_laugh-1,tarim,157,false,expert,,,,
wanyam-71_laugh-1-1,wanyam-71_laugh-1,trahum,157,false,expert,,,,
wari-71_laugh-1-1,wari-71_laugh-1,tatamʔ,157,false,expert,,,,
tapakura-71_laugh-1-1,tapakura-71_laugh-1,matimuiara,158,false,expert,,,,
kitemoka-71_laugh-1-1,kitemoka-71_laugh-1,eva,159,false,expert,,,,
cojubim-72_see-1-1,cojubim-72_see-1,kirik,160,false,expert,,,,
kitemoka-72_see-1-1,kitemoka-72_see-1,tirig,160,false,expert,,,,
more-72_see-1-1,more-72_see-1,kirik,160,false,expert,,,,
orowin-72_see-1-1,orowin-72_see-1,kirik,160,false,expert,,,,
tapakura-72_see-1-1,tapakura-72_see-1,kirik,160,false,expert,,,,
tora-72_see-1-1,tora-72_see-1,krid,160,false,expert,,,,
wanyam-72_see-1-1,wanyam-72_see-1,kirik,160,false,expert,,,,
wari-72_see-1-1,wari-72_see-1,kerek,160,false,expert,,,,
cojubim-73_hear-1-1,cojubim-73_hear-1,rapat,161,false,expert,,,,
more-73_hear-1-1,more-73_hear-1,arapat,161,false,expert,,,,
orowin-73_hear-1-1,orowin-73_hear-1,worapat,161,false,expert,,,,
wanyam-73_hear-1-1,wanyam-73_hear-1,warapat,161,false,expert,,,,
cojubim-74_fear-1-1,cojubim-74_fear-1,ininʔ,162,false,expert,,,,
jaru-74_fear-1-1,jaru-74_fear-1,injin,162,false,expert,,,,
more-74_fear-1-1,more-74_fear-1,ijin,162,false,expert,,,,
orowin-74_fear-1-1,orowin-74_fear-1,ijin,162,false,expert,,,,
tora-74_fear-1-1,tora-74_fear-1,ejidn,162,false,expert,,,,
wanyam-74_fear-1-1,wanyam-74_fear-1,inin,162,false,expert,,,,
wari-74_fear-1-1,wari-74_fear-1,jinʔ,162,false,expert,,,,
cojubim-75_sleep-1-1,cojubim-75_sleep-1,upin,163,false,expert,,,,
jaru-75_sleep-1-1,jaru-75_sleep-1,upejamʔ,163,false,expert,,,,
more-75_sleep-1-1,more-75_sleep-1,upen,163,false,expert,,,,
orowin-75_sleep-1-1,orowin-75_sleep-1,ypen,163,false,expert,,,,
tora-75_sleep-1-1,tora-75_sleep-1,upoɲ,163,false,expert,,,,
urupa-75_sleep-1-1,urupa-75_sleep-1,ypen,163,false,expert,,,,
wanyam-75_sleep-1-1,wanyam-75_sleep-1,ipen,163,false,expert,,,,
wari-75_sleep-1-1,wari-75_sleep-1,piʔ am,163,false,expert,,,,
tapakura-75_sleep-1-1,tapakura-75_sleep-1,watʃiahe,164,false,expert,,,,
kitemoka-75_sleep-1-1,kitemoka-75_sleep-1,ootʃe,165,false,expert,,,,
cojubim-76_die-1-1,cojubim-76_die-1,imiʔ,166,false,expert,,,,
jaru-76_die-1-1,jaru-76_die-1,imi,166,false,expert,,,,
more-76_die-1-1,more-76_die-1,imi,166,false,expert,,,,
orowin-76_die-1-1,orowin-76_die-1,imiʔ,166,false,expert,,,,
tora-76_die-1-1,tora-76_die-1,imi,166,false,expert,,,,
wanyam-76_die-1-1,wanyam-76_die-1,imi,166,false,expert,,,,
wari-76_die-1-1,wari-76_die-1,miʔ,166,false,expert,,,,
cojubim-77_kill-1-1,cojubim-77_kill-1,paʔ,167,false,expert,,,,
jaru-77_kill-1-1,jaru-77_kill-1,pa,167,false,expert,,,,
more-77_kill-1-1,more-77_kill-1,pa,167,false,expert,,,,
orowin-77_kill-1-1,orowin-77_kill-1,paʔ,167,false,expert,,,,
tora-77_kill-1-1,tora-77_kill-1,pa,167,false,expert,,,,
urupa-77_kill-1-1,urupa-77_kill-1,tupab,167,false,expert,,,,
wanyam-77_kill-1-1,wanyam-77_kill-1,pa,167,false,expert,,,,
wari-77_kill-1-1,wari-77_kill-1,paʔ,167,false,expert,,,,
kitemoka-77_kill-1-1,kitemoka-77_kill-1,tioakko,168,false,expert,,,,
tapakura-77_kill-1-1,tapakura-77_kill-1,tuakun,168,false,expert,,,,
orowin-78_fight-1-1,orowin-78_fight-1,tamanaʔ,169,false,expert,,,,
wari-78_fight-1-1,wari-78_fight-1,manaʔ,169,false,expert,,,,
wari-78_fight-2-1,wari-78_fight-2,mitʃitaʔ,170,false,expert,,,,
more-78_fight-1-1,more-78_fight-1,arami je,171,false,expert,,,,
wanyam-78_fight-1-1,wanyam-78_fight-1,aʃeremi,171,false,expert,,,,
jaru-78_fight-1-1,jaru-78_fight-1,eke,172,false,expert,,,,
more-78_fight-2-1,more-78_fight-2,jim,173,false,expert,,,,
cojubim-79_shoot-1-1,cojubim-79_shoot-1,puru,174,false,expert,,,,
more-79_shoot-1-1,more-79_shoot-1,puru,174,false,expert,,,,
orowin-79_shoot-1-1,orowin-79_shoot-1,friʔ,174,false,expert,,,,
wanyam-79_shoot-1-1,wanyam-79_shoot-1,hiri,174,false,expert,,,,
wari-79_shoot-1-1,wari-79_shoot-1,hyry,174,false,expert,,,,
tora-79_shoot-1-1,tora-79_shoot-1,tap,175,false,expert,,,,
jaru-79_shoot-1-1,jaru-79_shoot-1,keu,176,false,expert,,,,
more-80_hit-1-1,more-80_hit-1,ton,177,false,expert,,,,
orowin-80_hit-1-1,orowin-80_hit-1,toʔ,177,false,expert,,,,
urupa-80_hit-1-1,urupa-80_hit-1,tupan,177,false,expert,,,,
wanyam-80_hit-1-1,wanyam-80_hit-1,to,177,false,expert,,,,
wari-80_hit-1-1,wari-80_hit-1,toʔ,177,false,expert,,,,
cojubim-80_hit-1-1,cojubim-80_hit-1,pap,178,false,expert,,,,
orowin-80_hit-2-1,orowin-80_hit-2,pak,178,false,expert,,,,
tora-80_hit-1-1,tora-80_hit-1,pak,178,false,expert,,,,
cojubim-81_cut-1-1,cojubim-81_cut-1,taʔ,179,false,expert,,,,
jaru-81_cut-1-1,jaru-81_cut-1,ta,179,false,expert,,,,
more-81_cut-1-1,more-81_cut-1,ta,179,false,expert,,,,
orowin-81_cut-1-1,orowin-81_cut-1,ta kat,179,false,expert,,,,
tora-81_cut-1-1,tora-81_cut-1,ta,179,false,expert,,,,
wanyam-81_cut-1-1,wanyam-81_cut-1,takat,179,false,expert,,,,
wari-81_cut-1-1,wari-81_cut-1,ta,179,false,expert,,,,
cojubim-81_cut-2-1,cojubim-81_cut-2,wak,180,false,expert,,,,
more-81_cut-2-1,more-81_cut-2,wok,180,false,expert,,,,
orowin-81_cut-2-1,orowin-81_cut-2,wak,180,false,expert,,,,
wari-81_cut-2-1,wari-81_cut-2,wak,180,false,expert,,,,
orowin-81_cut-3-1,orowin-81_cut-3,pit,181,false,expert,,,,
tapakura-81_cut-1-1,tapakura-81_cut-1,pitʃiram,181,false,expert,,,,
wanyam-81_cut-2-1,wanyam-81_cut-2,pit kiran,181,false,expert,,,,
wari-81_cut-3-1,wari-81_cut-3,pit,181,false,expert,,,,
cojubim-82_dig-1-1,cojubim-82_dig-1,tuk,182,false,expert,,,,
orowin-82_dig-1-1,orowin-82_dig-1,tiki,182,false,expert,,,,
wanyam-82_dig-1-1,wanyam-82_dig-1,kit,182,false,expert,,,,
wari-82_dig-1-1,wari-82_dig-1,tikiʔ,182,false,expert,,,,
more-82_dig-1-1,more-82_dig-1,putum,183,false,expert,,,,
orowin-83_swim-1-1,orowin-83_swim-1,jy,184,false,expert,,,,
wanyam-83_swim-1-1,wanyam-83_swim-1,ji,184,false,expert,,,,
wari-83_swim-1-1,wari-83_swim-1,pan kam,185,false,expert,,,,
jaru-83_swim-1-1,jaru-83_swim-1,he,186,false,expert,,,,
more-83_swim-1-1,more-83_swim-1,kawak,187,false,expert,,,,
tapakura-83_swim-1-1,tapakura-83_swim-1,kawa ko,187,false,expert,,,,
cojubim-83_swim-1-1,cojubim-83_swim-1,marakujan,188,false,expert,,,,
orowin-84_fly-1-1,orowin-84_fly-1,taki,189,false,expert,,,,
wanyam-84_fly-1-1,wanyam-84_fly-1,taki,189,false,expert,,,,
wari-84_fly-1-1,wari-84_fly-1,takiʔ,189,false,expert,,,,
orowin-84_fly-2-1,orowin-84_fly-2,ijam,190,false,expert,,,,
cojubim-84_fly-1-1,cojubim-84_fly-1,ze,191,false,expert,,,,
more-84_fly-1-1,more-84_fly-1,ʒ̟e,191,false,expert,,,,
cojubim-85_walk-1-1,cojubim-85_walk-1,tot,192,false,expert,,,,
jaru-85_walk-1-1,jaru-85_walk-1,tet,192,false,expert,,,,
more-85_walk-1-1,more-85_walk-1,tut,192,false,expert,,,,
orowin-85_walk-1-1,orowin-85_walk-1,tyt,192,false,expert,,,,
wanyam-85_walk-1-1,wanyam-85_walk-1,tit,192,false,expert,,,,
wari-85_walk-1-1,wari-85_walk-1,tʃyt,192,false,expert,,,,
orowin-86_come-1-1,orowin-86_come-1,maki,193,false,expert,,,,
tora-86_come-1-1,tora-86_come-1,makiʔ,193,false,expert,,,,
wari-86_come-1-1,wari-86_come-1,makiʔ,193,false,expert,,,,
cojubim-86_come-1-1,cojubim-86_come-1,iwan,194,false,expert,,,,
more-86_come-1-1,more-86_come-1,iwan,194,false,expert,,,,
wanyam-86_come-1-1,wanyam-86_come-1,iwan,194,false,expert,,,,
tapakura-86_come-1-1,tapakura-86_come-1,mana,195,false,expert,,,,
kitemoka-86_come-1-1,kitemoka-86_come-1,nia,196,false,expert,,,,
cojubim-87_lie-1-1,cojubim-87_lie-1,titimʔ,197,false,expert,,,,
jaru-87_lie-1-1,jaru-87_lie-1,trem,197,false,expert,,,,
orowin-87_lie-1-1,orowin-87_lie-1,tim,197,false,expert,,,,
tora-87_lie-1-1,tora-87_lie-1,wuritimi,197,false,expert,,,,
wanyam-87_lie-1-1,wanyam-87_lie-1,tarim,197,false,expert,,,,
wari-87_lie-1-1,wari-87_lie-1,teremʔ,197,false,expert,,,,
kitemoka-87_lie-1-1,kitemoka-87_lie-1,tʃekom,198,false,expert,,,,
orowin-87_lie-2-1,orowin-87_lie-2,tokoʔ,198,false,expert,,,,
wari-87_lie-2-1,wari-87_lie-2,tokoʔ,198,false,expert,,,,
jaru-87_lie-2-1,jaru-87_lie-2,ta,199,false,expert,,,,
more-87_lie-1-1,more-87_lie-1,ʒ̟ak,199,false,expert,,,,
urupa-87_lie-1-1,urupa-87_lie-1,tak,199,false,expert,,,,
wari-87_lie-3-1,wari-87_lie-3,tak,199,false,expert,,,,
tapakura-87_lie-1-1,tapakura-87_lie-1,wa,200,false,expert,,,,
cojubim-88_sit-1-1,cojubim-88_sit-1,pe,201,false,expert,,,,
more-88_sit-1-1,more-88_sit-1,pwe,201,false,expert,,,,
orowin-88_sit-1-1,orowin-88_sit-1,pe,201,false,expert,,,,
tapakura-88_sit-1-1,tapakura-88_sit-1,pepe,201,false,expert,,,,
tora-88_sit-1-1,tora-88_sit-1,pi,201,false,expert,,,,
wanyam-88_sit-1-1,wanyam-88_sit-1,pe,201,false,expert,,,,
wari-88_sit-1-1,wari-88_sit-1,peʔ,201,false,expert,,,,
cojubim-89_stand-1-1,cojubim-89_stand-1,tak,202,false,expert,,,,
more-89_stand-1-1,more-89_stand-1,taki,202,false,expert,,,,
tapakura-89_stand-1-1,tapakura-89_stand-1,tekipepe,202,false,expert,,,,
wari-89_stand-1-1,wari-89_stand-1,tekiʔ pe,202,false,expert,,,,
orowin-89_stand-1-1,orowin-89_stand-1,pan,203,false,expert,,,,
kitemoka-89_stand-1-1,kitemoka-89_stand-1,sed,204,false,expert,,,,
wari-89_stand-2-1,wari-89_stand-2,tʃat,204,false,expert,,,,
cojubim-90_fall-1-1,cojubim-90_fall-1,ipan,205,false,expert,,,,
more-90_fall-1-1,more-90_fall-1,ipan,205,false,expert,,,,
orowin-90_fall-1-1,orowin-90_fall-1,ipan,205,false,expert,,,,
tora-90_fall-1-1,tora-90_fall-1,ipad,205,false,expert,,,,
wanyam-90_fall-1-1,wanyam-90_fall-1,ipan,205,false,expert,,,,
wari-90_fall-1-1,wari-90_fall-1,panʔ,205,false,expert,,,,
wari-90_fall-2-1,wari-90_fall-2,kamaraʔ,206,false,expert,,,,
cojubim-91_give-1-1,cojubim-91_give-1,miʔ,207,false,expert,,,,
kitemoka-91_give-1-1,kitemoka-91_give-1,me,207,false,expert,,,,
more-91_give-1-1,more-91_give-1,mi,207,false,expert,,,,
orowin-91_give-1-1,orowin-91_give-1,miʔ,207,false,expert,,,,
tapakura-91_give-1-1,tapakura-91_give-1,mi,207,false,expert,,,,
tora-91_give-1-1,tora-91_give-1,miʔ,207,false,expert,,,,
wanyam-91_give-1-1,wanyam-91_give-1,min,207,false,expert,,,,
wari-91_give-1-1,wari-91_give-1,miʔ,207,false,expert,,,,
jaru-92_wash-1-1,jaru-92_wash-1,rokon,208,false,expert,,,,
orowin-92_wash-1-1,orowin-92_wash-1,wirikom,208,false,expert,,,,
wanyam-92_wash-1-1,wanyam-92_wash-1,irokon,208,false,expert,,,,
wari-92_wash-1-1,wari-92_wash-1,hohok,209,false,expert,,,,
cojubim-92_wash-1-1,cojubim-92_wash-1,tʃaw,210,false,expert,,,,
more-92_wash-1-1,more-92_wash-1,tʃaw,210,false,expert,,,,
wanyam-92_wash-2-1,wanyam-92_wash-2,ʃawa,210,false,expert,,,,
cojubim-93_pull-1-1,cojubim-93_pull-1,ko,211,false,expert,,,,
more-93_pull-1-1,more-93_pull-1,ko,211,false,expert,,,,
orowin-93_pull-1-1,orowin-93_pull-1,kok tBot,211,false,expert,,,,
wari-93_pull-1-1,wari-93_pull-1,køk,211,false,expert,,,,
cojubim-94_push-1-1,cojubim-94_push-1,jok,212,false,expert,,,,
orowin-94_push-1-1,orowin-94_push-1,jyk,212,false,expert,,,,
wanyam-94_push-1-1,wanyam-94_push-1,jek,212,false,expert,,,,
wari-94_push-1-1,wari-94_push-1,jøk,212,false,expert,,,,
more-94_push-1-1,more-94_push-1,tun,213,false,expert,,,,
orowin-95_throw-1-1,orowin-95_throw-1,sin,214,false,expert,,,,
wanyam-95_throw-1-1,wanyam-95_throw-1,ʃin,214,false,expert,,,,
wari-95_throw-1-1,wari-95_throw-1,tʃin,214,false,expert,,,,
cojubim-95_throw-1-1,cojubim-95_throw-1,pin,215,false,expert,,,,
more-95_throw-1-1,more-95_throw-1,pwin,215,false,expert,,,,
more-96_tie-1-1,more-96_tie-1,paw,216,false,expert,,,,
orowin-96_tie-1-1,orowin-96_tie-1,paw,216,false,expert,,,,
wanyam-96_tie-1-1,wanyam-96_tie-1,paw,216,false,expert,,,,
wari-96_tie-1-1,wari-96_tie-1,pawʔ,216,false,expert,,,,
cojubim-96_tie-1-1,cojubim-96_tie-1,pip,217,false,expert,,,,
more-96_tie-2-1,more-96_tie-2,pip,217,false,expert,,,,
kitemoka-97_say-1-1,kitemoka-97_say-1,tumi,218,false,expert,,,,
tapakura-97_say-1-1,tapakura-97_say-1,timi,218,false,expert,,,,
wari-97_say-1-1,wari-97_say-1,tomiʔ,218,false,expert,,,,
orowin-97_say-1-1,orowin-97_say-1,naʔ,219,false,expert,,,,
wanyam-97_say-1-1,wanyam-97_say-1,wanjam,220,false,expert,,,,
urupa-97_say-1-1,urupa-97_say-1,pa,221,false,expert,,,,
cojubim-97_say-1-1,cojubim-97_say-1,ja,222,false,expert,,,,
kitemoka-97_say-2-1,kitemoka-97_say-2,jajara,222,false,expert,,,,
more-97_say-1-1,more-97_say-1,ja,222,false,expert,,,,
orowin-98_sing-1-1,orowin-98_sing-1,kom,223,false,expert,,,,
wanyam-98_sing-1-1,wanyam-98_sing-1,kum,223,false,expert,,,,
wari-98_sing-1-1,wari-98_sing-1,kom,223,false,expert,,,,
jaru-98_sing-1-1,jaru-98_sing-1,haka,224,false,expert,,,,
cojubim-98_sing-1-1,cojubim-98_sing-1,wo,225,false,expert,,,,
more-98_sing-1-1,more-98_sing-1,wo ki,225,false,expert,,,,
more-98_sing-2-1,more-98_sing-2,atʃimara,226,false,expert,,,,
cojubim-99_sun-1-1,cojubim-99_sun-1,mapitoʔ,227,false,expert,,,,
kitemoka-99_sun-1-1,kitemoka-99_sun-1,papuitio,227,false,expert,,,,
more-99_sun-1-1,more-99_sun-1,mapwito,227,false,expert,,,,
tapakura-99_sun-1-1,tapakura-99_sun-1,wapuito,227,false,expert,,,,
tora-99_sun-1-1,tora-99_sun-1,apito,227,false,expert,,,,
wanyam-99_sun-1-1,wanyam-99_sun-1,wapiru,227,false,expert,,,,
wari-99_sun-1-1,wari-99_sun-1,tʃina,228,false,expert,,,,
jaru-99_sun-1-1,jaru-99_sun-1,komem,229,false,expert,,,,
urupa-99_sun-1-1,urupa-99_sun-1,kumen,229,false,expert,,,,
orowin-99_sun-1-1,orowin-99_sun-1,fakamiʔ,230,false,expert,,,,
cojubim-100_moon-1-1,cojubim-100_moon-1,panawoʔ,231,false,expert,,,,
jaru-100_moon-1-1,jaru-100_moon-1,panau,231,false,expert,,,,
kitemoka-100_moon-1-1,kitemoka-100_moon-1,pnato,231,false,expert,,,,
more-100_moon-1-1,more-100_moon-1,panawoʔ,231,false,expert,,,,
tapakura-100_moon-1-1,tapakura-100_moon-1,panato,231,false,expert,,,,
tora-100_moon-1-1,tora-100_moon-1,panao,231,false,expert,,,,
urupa-100_moon-1-1,urupa-100_moon-1,panaoʔ,231,false,expert,,,,
wanyam-100_moon-1-1,wanyam-100_moon-1,panawoʔ,231,false,expert,,,,
wari-100_moon-1-1,wari-100_moon-1,panawoʔ,231,false,expert,,,,
cojubim-101_star-1-1,cojubim-101_star-1,pi pijo,232,false,expert,,,,
jaru-101_star-1-1,jaru-101_star-1,upiu,232,false,expert,,,,
kitemoka-101_star-1-1,kitemoka-101_star-1,pilʔahu,232,false,expert,,,,
more-101_star-1-1,more-101_star-1,pipijo,232,false,expert,,,,
tapakura-101_star-1-1,tapakura-101_star-1,wipijao,232,false,expert,,,,
tora-101_star-1-1,tora-101_star-1,pipijo,232,false,expert,,,,
urupa-101_star-1-1,urupa-101_star-1,upijo,232,false,expert,,,,
wanyam-101_star-1-1,wanyam-101_star-1,upijuʔ,232,false,expert,,,,
wari-101_star-1-1,wari-101_star-1,pijoʔ,232,false,expert,,,,
orowin-101_star-1-1,orowin-101_star-1,oro jawin,233,false,expert,,,,
cojubim-102_water-1-1,cojubim-102_water-1,kom,234,false,expert,,,,
jaru-102_water-1-1,jaru-102_water-1,ko,234,false,expert,,,,
kitemoka-102_water-1-1,kitemoka-102_water-1,ako,234,false,expert,,,,
more-102_water-1-1,more-102_water-1,kom,234,false,expert,,,,
orowin-102_water-1-1,orowin-102_water-1,kom,234,false,expert,,,,
tapakura-102_water-1-1,tapakura-102_water-1,akum,234,false,expert,,,,
tora-102_water-1-1,tora-102_water-1,kom,234,false,expert,,,,
urupa-102_water-1-1,urupa-102_water-1,kom,234,false,expert,,,,
wanyam-102_water-1-1,wanyam-102_water-1,kom,234,false,expert,,,,
wari-102_water-1-1,wari-102_water-1,kom,234,false,expert,,,,
jaru-103_rain-1-1,jaru-103_rain-1,soi,235,false,expert,,,,
more-103_rain-1-1,more-103_rain-1,tʃuwe,235,false,expert,,,,
orowin-103_rain-1-1,orowin-103_rain-1,sowiʔ,235,false,expert,,,,
urupa-103_rain-1-1,urupa-103_rain-1,sui,235,false,expert,,,,
wanyam-103_rain-1-1,wanyam-103_rain-1,ʃuwiʔ,235,false,expert,,,,
wari-103_rain-1-1,wari-103_rain-1,tʃowiʔ,235,false,expert,,,,
cojubim-104_stone-1-1,cojubim-104_stone-1,pikun,236,false,expert,,,,
jaru-104_stone-1-1,jaru-104_stone-1,paken,236,false,expert,,,,
kitemoka-104_stone-1-1,kitemoka-104_stone-1,pikui,236,false,expert,,,,
more-104_stone-1-1,more-104_stone-1,pikun,236,false,expert,,,,
orowin-104_stone-1-1,orowin-104_stone-1,pekyn,236,false,expert,,,,
tapakura-104_stone-1-1,tapakura-104_stone-1,pekun,236,false,expert,,,,
tora-104_stone-1-1,tora-104_stone-1,pikun,236,false,expert,,,,
urupa-104_stone-1-1,urupa-104_stone-1,pakyn,236,false,expert,,,,
wanyam-104_stone-1-1,wanyam-104_stone-1,pekin,236,false,expert,,,,
wari-104_stone-1-1,wari-104_stone-1,pakyn,236,false,expert,,,,
jaru-105_sand-1-1,jaru-105_sand-1,namajekun,237,false,expert,,,,
more-105_sand-1-1,more-105_sand-1,mimaʒ̟,237,false,expert,,,,
orowin-105_sand-1-1,orowin-105_sand-1,namajiʔ,237,false,expert,,,,
tora-105_sand-1-1,tora-105_sand-1,mijmaj,237,false,expert,,,,
wanyam-105_sand-1-1,wanyam-105_sand-1,nimajiʔ,237,false,expert,,,,
wari-105_sand-1-1,wari-105_sand-1,namaji,237,false,expert,,,,
kitemoka-105_sand-1-1,kitemoka-105_sand-1,mate,238,false,expert,,,,
tapakura-105_sand-1-1,tapakura-105_sand-1,umati,238,false,expert,,,,
cojubim-106_earth-1-1,cojubim-106_earth-1,namakan,239,false,expert,,,,
jaru-106_earth-1-1,jaru-106_earth-1,manakan,239,false,expert,,,,
kitemoka-106_earth-1-1,kitemoka-106_earth-1,emakan,239,false,expert,,,,
more-106_earth-1-1,more-106_earth-1,namakan,239,false,expert,,,,
orowin-106_earth-1-1,orowin-106_earth-1,namakan,239,false,expert,,,,
tapakura-106_earth-1-1,tapakura-106_earth-1,jamakan,239,false,expert,,,,
urupa-106_earth-1-1,urupa-106_earth-1,manaka,239,false,expert,,,,
wanyam-106_earth-1-1,wanyam-106_earth-1,namakan,239,false,expert,,,,
wari-106_earth-1-1,wari-106_earth-1,makanʔ,239,false,expert,,,,
cojubim-106_earth-2-1,cojubim-106_earth-2,timak,240,false,expert,,,,
kitemoka-106_earth-2-1,kitemoka-106_earth-2,tʃema,240,false,expert,,,,
more-106_earth-2-1,more-106_earth-2,timak,240,false,expert,,,,
tapakura-106_earth-2-1,tapakura-106_earth-2,tʃimak,240,false,expert,,,,
tora-106_earth-1-1,tora-106_earth-1,timak,240,false,expert,,,,
cojubim-107_sky-1-1,cojubim-107_sky-1,awin,241,false,expert,,,,
jaru-107_sky-1-1,jaru-107_sky-1,awi,241,false,expert,,,,
kitemoka-107_sky-1-1,kitemoka-107_sky-1,awen,241,false,expert,,,,
more-107_sky-1-1,more-107_sky-1,awin,241,false,expert,,,,
orowin-107_sky-1-1,orowin-107_sky-1,awin,241,false,expert,,,,
tapakura-107_sky-1-1,tapakura-107_sky-1,awin,241,false,expert,,,,
tora-107_sky-1-1,tora-107_sky-1,awin,241,false,expert,,,,
urupa-107_sky-1-1,urupa-107_sky-1,awin,241,false,expert,,,,
wanyam-107_sky-1-1,wanyam-107_sky-1,awin,241,false,expert,,,,
wari-107_sky-1-1,wari-107_sky-1,nanawin,241,false,expert,,,,
orowin-108_wind-1-1,orowin-108_wind-1,pafotiʔ,242,false,expert,,,,
tora-108_wind-1-1,tora-108_wind-1,pahuzi,242,false,expert,,,,
wanyam-108_wind-1-1,wanyam-108_wind-1,pahotiʔ,242,false,expert,,,,
wari-108_wind-1-1,wari-108_wind-1,hotowa,242,false,expert,,,,
jaru-108_wind-1-1,jaru-108_wind-1,kaho,243,false,expert,,,,
urupa-108_wind-1-1,urupa-108_wind-1,kako,243,false,expert,,,,
cojubim-108_wind-1-1,cojubim-108_wind-1,pujani,244,false,expert,,,,
more-108_wind-1-1,more-108_wind-1,pujani,244,false,expert,,,,
kitemoka-108_wind-1-1,kitemoka-108_wind-1,irin,245,false,expert,,,,
cojubim-109_smoke-1-1,cojubim-109_smoke-1,iwiʔ,246,false,expert,,,,
jaru-109_smoke-1-1,jaru-109_smoke-1,iwi,246,false,expert,,,,
more-109_smoke-1-1,more-109_smoke-1,iwi,246,false,expert,,,,
tora-109_smoke-1-1,tora-109_smoke-1,iwiʔ,246,false,expert,,,,
urupa-109_smoke-1-1,urupa-109_smoke-1,iwi,246,false,expert,,,,
wanyam-109_smoke-1-1,wanyam-109_smoke-1,iwi,246,false,expert,,,,
wari-109_smoke-1-1,wari-109_smoke-1,taɲʔ,247,false,expert,,,,
orowin-109_smoke-1-1,orowin-109_smoke-1,torotoʔ,248,false,expert,,,,
cojubim-110_fire-1-1,cojubim-110_fire-1,itʃe,249,false,expert,,,,
jaru-110_fire-1-1,jaru-110_fire-1,ise,249,false,expert,,,,
kitemoka-110_fire-1-1,kitemoka-110_fire-1,ise,249,false,expert,,,,
more-110_fire-1-1,more-110_fire-1,itʃe,249,false,expert,,,,
orowin-110_fire-1-1,orowin-110_fire-1,ise,249,false,expert,,,,
tapakura-110_fire-1-1,tapakura-110_fire-1,ise,249,false,expert,,,,
tora-110_fire-1-1,tora-110_fire-1,iʃeʔ,249,false,expert,,,,
urupa-110_fire-1-1,urupa-110_fire-1,ise,249,false,expert,,,,
wanyam-110_fire-1-1,wanyam-110_fire-1,iʃeʔ,249,false,expert,,,,
wari-110_fire-1-1,wari-110_fire-1,tʃe,249,false,expert,,,,
jaru-111_ashes-1-1,jaru-111_ashes-1,burete pakon,250,false,expert,,,,
more-111_ashes-1-1,more-111_ashes-1,rupitsikon,250,false,expert,,,,
orowin-111_ashes-1-1,orowin-111_ashes-1,morotipakon,250,false,expert,,,,
tora-111_ashes-1-1,tora-111_ashes-1,murooton,250,false,expert,,,,
urupa-111_ashes-1-1,urupa-111_ashes-1,murupatekon,250,false,expert,,,,
wari-111_ashes-1-1,wari-111_ashes-1,topakon,250,false,expert,,,,
cojubim-112_road-1-1,cojubim-112_road-1,wana,251,false,expert,,,,
more-112_road-1-1,more-112_road-1,wana,251,false,expert,,,,
orowin-112_road-1-1,orowin-112_road-1,wanaʔ,251,false,expert,,,,
tora-112_road-1-1,tora-112_road-1,wana,251,false,expert,,,,
wanyam-112_road-1-1,wanyam-112_road-1,wanaʔ,251,false,expert,,,,
wari-112_road-1-1,wari-112_road-1,wana,251,false,expert,,,,
cojubim-113_red-1-1,cojubim-113_red-1,mem,252,false,expert,,,,
more-113_red-1-1,more-113_red-1,mem,252,false,expert,,,,
orowin-113_red-1-1,orowin-113_red-1,mem,252,false,expert,,,,
tora-113_red-1-1,tora-113_red-1,mëbn,252,false,expert,,,,
wanyam-113_red-1-1,wanyam-113_red-1,pakaɲikon,253,false,expert,,,,
wari-113_red-1-1,wari-113_red-1,pakaʔ,253,false,expert,,,,
jaru-113_red-1-1,jaru-113_red-1,temʔ,254,false,expert,,,,
urupa-113_red-1-1,urupa-113_red-1,tym,254,false,expert,,,,
kitemoka-113_red-1-1,kitemoka-113_red-1,tiopatʃene,255,false,expert,,,,
tapakura-113_red-1-1,tapakura-113_red-1,tupatʃini,255,false,expert,,,,
wari-114_yellow-1-1,wari-114_yellow-1,kotʃik,256,false,expert,,,,
more-114_yellow-1-1,more-114_yellow-1,sasik,257,false,expert,,,,
kitemoka-114_yellow-1-1,kitemoka-114_yellow-1,atʃiwi,258,false,expert,,,,
tapakura-114_yellow-1-1,tapakura-114_yellow-1,ituwi,258,false,expert,,,,
cojubim-115_white-1-1,cojubim-115_white-1,towaʔ,259,false,expert,,,,
jaru-115_white-1-1,jaru-115_white-1,toa,259,false,expert,,,,
more-115_white-1-1,more-115_white-1,towa,259,false,expert,,,,
orowin-115_white-1-1,orowin-115_white-1,towaʔ,259,false,expert,,,,
tora-115_white-1-1,tora-115_white-1,tuag,259,false,expert,,,,
urupa-115_white-1-1,urupa-115_white-1,tua,259,false,expert,,,,
wanyam-115_white-1-1,wanyam-115_white-1,towa,259,false,expert,,,,
wari-115_white-1-1,wari-115_white-1,towoʔ,259,false,expert,,,,
kitemoka-115_white-1-1,kitemoka-115_white-1,tihoti,260,false,expert,,,,
tapakura-115_white-1-1,tapakura-115_white-1,tahuti,260,false,expert,,,,
orowin-116_black-1-1,orowin-116_black-1,mesem,261,false,expert,,,,
tora-116_black-1-1,tora-116_black-1,morem,261,false,expert,,,,
wari-116_black-1-1,wari-116_black-1,mitʃem,261,false,expert,,,,
wanyam-116_black-1-1,wanyam-116_black-1,tukan,262,false,expert,,,,
jaru-116_black-1-1,jaru-116_black-1,sagaj,263,false,expert,,,,
urupa-116_black-1-1,urupa-116_black-1,skaid,263,false,expert,,,,
kitemoka-116_black-1-1,kitemoka-116_black-1,juitamake,264,false,expert,,,,
tapakura-116_black-1-1,tapakura-116_black-1,witam,264,false,expert,,,,
cojubim-116_black-1-1,cojubim-116_black-1,tom,265,false,expert,,,,
more-116_black-1-1,more-116_black-1,tom,265,false,expert,,,,
orowin-116_black-2-1,orowin-116_black-2,tom,265,false,expert,,,,
wari-116_black-2-1,wari-116_black-2,tom,265,false,expert,,,,
cojubim-117_night-1-1,cojubim-117_night-1,isim,266,false,expert,,,,
jaru-117_night-1-1,jaru-117_night-1,etimʔ,266,false,expert,,,,
kitemoka-117_night-1-1,kitemoka-117_night-1,paitin,266,false,expert,,,,
more-117_night-1-1,more-117_night-1,isim,266,false,expert,,,,
orowin-117_night-1-1,orowin-117_night-1,itim,266,false,expert,,,,
tapakura-117_night-1-1,tapakura-117_night-1,paitin,266,false,expert,,,,
tora-117_night-1-1,tora-117_night-1,ijsibm,266,false,expert,,,,
wanyam-117_night-1-1,wanyam-117_night-1,itim,266,false,expert,,,,
wari-117_night-1-1,wari-117_night-1,tʃim,266,false,expert,,,,
jaru-118_day-1-1,jaru-118_day-1,toa,267,false,expert,,,,
orowin-118_day-1-1,orowin-118_day-1,towa,267,false,expert,,,,
tapakura-118_day-1-1,tapakura-118_day-1,tuwa,267,false,expert,,,,
tora-118_day-1-1,tora-118_day-1,toa,267,false,expert,,,,
wanyam-118_day-1-1,wanyam-118_day-1,towa,267,false,expert,,,,
wari-118_day-1-1,wari-118_day-1,towa,267,false,expert,,,,
wari-118_day-2-1,wari-118_day-2,tʃek,268,false,expert,,,,
cojubim-118_day-1-1,cojubim-118_day-1,tipat,269,false,expert,,,,
more-118_day-1-1,more-118_day-1,tijipat,269,false,expert,,,,
tora-118_day-2-1,tora-118_day-2,anapat,269,false,expert,,,,
cojubim-119_summer-1-1,cojubim-119_summer-1,kawaziʔ,270,false,expert,,,,
more-119_summer-1-1,more-119_summer-1,kawaʒ̟i,270,false,expert,,,,
orowin-119_summer-1-1,orowin-119_summer-1,kawatiʔ,270,false,expert,,,,
wanyam-119_summer-1-1,wanyam-119_summer-1,kawatiʔ,270,false,expert,,,,
wari-119_summer-1-1,wari-119_summer-1,kawatʃiʔ,270,false,expert,,,,
cojubim-120_cold-1-1,cojubim-120_cold-1,tʃiwʔ,271,false,expert,,,,
more-120_cold-1-1,more-120_cold-1,tʃiw,271,false,expert,,,,
orowin-120_cold-1-1,orowin-120_cold-1,surimi,271,false,expert,,,,
tora-120_cold-1-1,tora-120_cold-1,siuni,271,false,expert,,,,
urupa-120_cold-1-1,urupa-120_cold-1,siv,271,false,expert,,,,
wari-120_cold-1-1,wari-120_cold-1,tʃiw,271,false,expert,,,,
wanyam-120_cold-1-1,wanyam-120_cold-1,kipin,272,false,expert,,,,
orowin-121_new-1-1,orowin-121_new-1,sokori,273,false,expert,,,,
tora-121_new-1-1,tora-121_new-1,tukurudn,273,false,expert,,,,
wari-121_new-1-1,wari-121_new-1,tʃokori,273,false,expert,,,,
more-121_new-1-1,more-121_new-1,takan,274,false,expert,,,,
orowin-122_old-1-1,orowin-122_old-1,foron,275,false,expert,,,,
wanyam-122_old-1-1,wanyam-122_old-1,marahoron,275,false,expert,,,,
wari-122_old-1-1,wari-122_old-1,horon,275,false,expert,,,,
tora-122_old-1-1,tora-122_old-1,serati,276,false,expert,,,,
kitemoka-122_old-1-1,kitemoka-122_old-1,tarakon,277,false,expert,,,,
tapakura-122_old-1-1,tapakura-122_old-1,itarakun,277,false,expert,,,,
more-122_old-1-1,more-122_old-1,ukut,278,false,expert,,,,
orowin-123_good-1-1,orowin-123_good-1,awi,279,false,expert,,,,
wari-123_good-1-1,wari-123_good-1,awiʔ,279,false,expert,,,,
jaru-123_good-1-1,jaru-123_good-1,asap,280,false,expert,,,,
kitemoka-123_good-1-1,kitemoka-123_good-1,navisaja,280,false,expert,,,,
orowin-123_good-2-1,orowin-123_good-2,isap,280,false,expert,,,,
tapakura-123_good-1-1,tapakura-123_good-1,nawasa,280,false,expert,,,,
urupa-123_good-1-1,urupa-123_good-1,wasab,280,false,expert,,,,
cojubim-123_good-1-1,cojubim-123_good-1,namiʔ,281,false,expert,,,,
wanyam-123_good-1-1,wanyam-123_good-1,ija,281,false,expert,,,,
tora-123_good-1-1,tora-123_good-1,itera,282,false,expert,,,,
more-123_good-1-1,more-123_good-1,piriman,283,false,expert,,,,
more-124_name-1-1,more-124_name-1,wit,284,false,expert,,,,
orowin-124_name-1-1,orowin-124_name-1,witi,284,false,expert,,,,
tora-124_name-1-1,tora-124_name-1,viti,284,false,expert,,,,
urupa-124_name-1-1,urupa-124_name-1,yvyty,284,false,expert,,,,
wanyam-124_name-1-1,wanyam-124_name-1,uwaw,284,false,expert,,,,
wari-124_name-1-1,wari-124_name-1,witʃi,284,false,expert,,,,
cojubim-125_afternoon-1-1,cojubim-125_afternoon-1,irawin,285,false,expert,,,,
more-125_afternoon-1-1,more-125_afternoon-1,irawin,285,false,expert,,,,
orowin-125_afternoon-1-1,orowin-125_afternoon-1,irawin,285,false,expert,,,,
tora-125_afternoon-1-1,tora-125_afternoon-1,ireawidn,285,false,expert,,,,
wanyam-125_afternoon-1-1,wanyam-125_afternoon-1,irawin,285,false,expert,,,,
wari-125_afternoon-1-1,wari-125_afternoon-1,irawin,285,false,expert,,,,
